{"acc": 0.987, "prec": 0.85, "rec": 0.75, "f1": 0.796875, "auc": 0.9846318962367555, "opt_thr": 0.9454138875007629}